arrival_time,start_time,finish_time,wait_time,queue_length
30-03-2023 0.10,30-03-2023 0.10,2023-03-30 00:22:44.800000000,12.68,28
30-03-2023 0.10,30-03-2023 0.16,2023-03-30 00:25:53.200000000,9.82,28
30-03-2023 0.10,30-03-2023 0.16,2023-03-30 00:25:48.400000000,9.74,28
30-03-2023 0.10,30-03-2023 0.14,2023-03-30 00:27:23.200000000,13.32,28
30-03-2023 0.10,30-03-2023 0.15,2023-03-30 00:31:21.400000000,16.29,28
30-03-2023 0.10,30-03-2023 0.20,2023-03-30 00:35:37.600000000,15.56,28
30-03-2023 0.10,30-03-2023 0.20,2023-03-30 00:31:56.199999999,11.87,28
30-03-2023 0.10,30-03-2023 0.17,2023-03-30 00:30:07.600000000,13.06,28
30-03-2023 0.10,30-03-2023 0.12,2023-03-30 00:25:37.600000000,13.56,28
30-03-2023 0.10,30-03-2023 0.18,2023-03-30 00:22:31.000000000,4.45,28
30-03-2023 0.10,30-03-2023 0.14,2023-03-30 00:21:20.800000000,7.28,28
30-03-2023 0.10,30-03-2023 0.19,2023-03-30 00:25:33.400000000,6.49,28
30-03-2023 0.10,30-03-2023 0.20,2023-03-30 00:20:24.400000000,0.34,28
30-03-2023 0.10,30-03-2023 0.10,2023-03-30 00:25:58.600000000,15.91,28
30-03-2023 0.10,30-03-2023 0.14,2023-03-30 00:22:28.000000000,8.4,28
30-03-2023 0.10,30-03-2023 0.10,2023-03-30 00:21:54.400000000,11.84,28
30-03-2023 0.10,30-03-2023 0.16,2023-03-30 00:33:38.200000000,17.57,28
30-03-2023 0.10,30-03-2023 0.17,2023-03-30 00:26:48.400000000,9.74,28
30-03-2023 0.10,30-03-2023 0.12,2023-03-30 00:31:58.600000000,19.91,28
30-03-2023 0.10,30-03-2023 0.13,2023-03-30 00:25:48.400000000,12.74,28
30-03-2023 0.10,30-03-2023 0.20,2023-03-30 00:32:24.400000000,12.34,28
30-03-2023 0.10,30-03-2023 0.11,2023-03-30 00:24:20.199999999,13.27,28
30-03-2023 0.10,30-03-2023 0.17,2023-03-30 00:29:49.600000000,12.76,28
30-03-2023 0.10,30-03-2023 0.19,2023-03-30 00:30:52.600000000,11.81,28
30-03-2023 0.10,30-03-2023 0.11,2023-03-30 00:19:27.400000000,8.39,28
30-03-2023 0.10,30-03-2023 0.17,2023-03-30 00:24:37.599999999,7.56,28
30-03-2023 0.10,30-03-2023 0.18,2023-03-30 00:22:35.800000000,4.53,28
30-03-2023 0.10,30-03-2023 0.11,2023-03-30 00:20:01.000000000,8.95,28
30-03-2023 1.58,30-03-2023 1.58,2023-03-30 02:21:26.200000000,22.82,27
30-03-2023 1.58,30-03-2023 2.04,2023-03-30 02:16:49.000000000,12.2,27
30-03-2023 1.58,30-03-2023 2.00,2023-03-30 02:05:36.400000000,4.99,27
30-03-2023 1.58,30-03-2023 1.58,2023-03-30 02:11:40.000000000,13.05,27
30-03-2023 1.58,30-03-2023 2.06,2023-03-30 02:13:08.800000000,6.53,27
30-03-2023 1.58,30-03-2023 2.07,2023-03-30 02:20:21.400000000,12.74,27
30-03-2023 1.58,30-03-2023 2.08,2023-03-30 02:17:07.000000000,8.5,27
30-03-2023 1.58,30-03-2023 1.58,2023-03-30 02:07:43.000000000,9.1,27
30-03-2023 1.58,30-03-2023 2.07,2023-03-30 02:11:52.600000000,4.26,27
30-03-2023 1.58,30-03-2023 2.00,2023-03-30 02:07:01.000000000,6.4,27
30-03-2023 1.58,30-03-2023 1.59,2023-03-30 02:00:30.400000000,0.89,27
30-03-2023 1.58,30-03-2023 1.58,2023-03-30 02:06:31.600000000,7.91,27
30-03-2023 1.58,30-03-2023 2.06,2023-03-30 02:30:37.600000000,24.01,27
30-03-2023 1.58,30-03-2023 1.58,2023-03-30 02:17:03.400000000,18.44,27
30-03-2023 1.58,30-03-2023 2.02,2023-03-30 02:14:51.400000000,12.24,27
30-03-2023 1.58,30-03-2023 2.08,2023-03-30 02:22:04.600000000,13.46,27
30-03-2023 1.58,30-03-2023 2.01,2023-03-30 02:16:49.600000000,15.21,27
30-03-2023 1.58,30-03-2023 2.06,2023-03-30 02:24:08.800000000,17.53,27
30-03-2023 1.58,30-03-2023 2.01,2023-03-30 02:09:23.800000000,7.78,27
30-03-2023 1.58,30-03-2023 2.05,2023-03-30 02:17:34.000000000,11.95,27
30-03-2023 1.58,30-03-2023 2.08,2023-03-30 02:15:40.599999999,7.06,27
30-03-2023 1.58,30-03-2023 1.59,2023-03-30 02:07:57.400000000,8.34,27
30-03-2023 1.58,30-03-2023 2.05,2023-03-30 02:09:41.800000000,4.08,27
30-03-2023 1.58,30-03-2023 2.06,2023-03-30 02:19:40.600000000,13.06,27
30-03-2023 1.58,30-03-2023 1.59,2023-03-30 02:13:24.400000000,13.79,27
30-03-2023 1.58,30-03-2023 2.07,2023-03-30 02:16:05.200000000,8.47,27
30-03-2023 1.58,30-03-2023 2.05,2023-03-30 02:20:43.599999999,15.11,27
30-03-2023 2.36,30-03-2023 2.36,2023-03-30 02:47:44.400000000,11.59,17
30-03-2023 2.36,30-03-2023 2.38,2023-03-30 02:46:10.799999999,8.03,17
30-03-2023 2.36,30-03-2023 2.42,2023-03-30 02:50:25.799999999,8.28,17
30-03-2023 2.36,30-03-2023 2.41,2023-03-30 02:44:05.400000000,2.94,17
30-03-2023 2.36,30-03-2023 2.39,2023-03-30 02:46:37.800000000,7.48,17
30-03-2023 2.36,30-03-2023 2.38,2023-03-30 02:43:47.400000000,5.64,17
30-03-2023 2.36,30-03-2023 2.41,2023-03-30 02:48:39.000000000,7.5,17
30-03-2023 2.36,30-03-2023 2.39,2023-03-30 02:57:00.599999999,17.86,17
30-03-2023 2.36,30-03-2023 2.38,2023-03-30 02:44:37.200000000,6.47,17
30-03-2023 2.36,30-03-2023 2.41,2023-03-30 02:42:41.400000000,1.54,17
30-03-2023 2.36,30-03-2023 2.43,2023-03-30 02:48:47.400000000,5.64,17
30-03-2023 2.36,30-03-2023 2.45,2023-03-30 02:52:37.800000000,7.48,17
30-03-2023 2.36,30-03-2023 2.45,2023-03-30 03:01:06.600000000,15.96,17
30-03-2023 2.36,30-03-2023 2.38,2023-03-30 02:59:18.600000000,21.16,17
30-03-2023 2.36,30-03-2023 2.44,2023-03-30 02:54:02.400000000,9.89,17
30-03-2023 2.36,30-03-2023 2.36,2023-03-30 02:41:40.800000000,5.53,17
30-03-2023 2.36,30-03-2023 2.39,2023-03-30 02:53:52.200000000,14.72,17
30-03-2023 3.02,30-03-2023 3.02,2023-03-30 03:06:43.800000000,4.48,45
30-03-2023 3.02,30-03-2023 3.10,2023-03-30 03:27:51.599999999,17.61,45
30-03-2023 3.02,30-03-2023 3.02,2023-03-30 03:13:09.600000000,10.91,45
30-03-2023 3.02,30-03-2023 3.08,2023-03-30 03:16:45.599999999,8.51,45
30-03-2023 3.02,30-03-2023 3.08,2023-03-30 03:24:37.800000000,16.38,45
30-03-2023 3.02,30-03-2023 3.03,2023-03-30 03:22:00.600000000,18.76,45
30-03-2023 3.02,30-03-2023 3.08,2023-03-30 03:22:54.000000000,14.65,45
30-03-2023 3.02,30-03-2023 3.02,2023-03-30 03:10:07.200000000,7.87,45
30-03-2023 3.02,30-03-2023 3.10,2023-03-30 03:13:55.200000000,3.67,45
30-03-2023 3.02,30-03-2023 3.10,2023-03-30 03:28:37.800000000,18.38,45
30-03-2023 3.02,30-03-2023 3.06,2023-03-30 03:17:31.199999999,11.27,45
30-03-2023 3.02,30-03-2023 3.08,2023-03-30 03:25:52.800000000,17.63,45
30-03-2023 3.02,30-03-2023 3.02,2023-03-30 03:16:33.000000000,14.3,45
30-03-2023 3.02,30-03-2023 3.09,2023-03-30 03:30:25.200000000,21.17,45
30-03-2023 3.02,30-03-2023 3.07,2023-03-30 03:17:52.199999999,10.62,45
30-03-2023 3.02,30-03-2023 3.04,2023-03-30 03:06:34.200000000,2.32,45
30-03-2023 3.02,30-03-2023 3.12,2023-03-30 03:15:01.799999999,2.78,45
30-03-2023 3.02,30-03-2023 3.12,2023-03-30 03:16:40.200000000,4.42,45
30-03-2023 3.02,30-03-2023 3.07,2023-03-30 03:22:12.000000000,14.95,45
30-03-2023 3.02,30-03-2023 3.12,2023-03-30 03:12:39.000000000,0.4,45
30-03-2023 3.02,30-03-2023 3.05,2023-03-30 03:08:32.400000000,3.29,45
30-03-2023 3.02,30-03-2023 3.03,2023-03-30 03:06:45.600000000,3.51,45
30-03-2023 3.02,30-03-2023 3.03,2023-03-30 03:05:03.000000000,1.8,45
30-03-2023 3.02,30-03-2023 3.03,2023-03-30 03:13:21.599999999,10.11,45
30-03-2023 3.02,30-03-2023 3.02,2023-03-30 03:19:08.999999999,16.9,45
30-03-2023 3.02,30-03-2023 3.11,2023-03-30 03:25:03.600000000,13.81,45
30-03-2023 3.02,30-03-2023 3.04,2023-03-30 03:11:01.200000000,6.77,45
30-03-2023 3.02,30-03-2023 3.11,2023-03-30 03:20:06.000000000,8.85,45
30-03-2023 3.02,30-03-2023 3.03,2023-03-30 03:00:29.400000000,-2.76,45
30-03-2023 3.02,30-03-2023 3.10,2023-03-30 03:19:58.800000000,9.73,45
30-03-2023 3.02,30-03-2023 3.05,2023-03-30 03:10:53.400000000,5.64,45
30-03-2023 3.02,30-03-2023 3.02,2023-03-30 03:14:32.400000000,12.29,45
30-03-2023 3.02,30-03-2023 3.04,2023-03-30 03:16:40.800000000,12.43,45
30-03-2023 3.02,30-03-2023 3.05,2023-03-30 03:17:49.800000000,12.58,45
30-03-2023 3.02,30-03-2023 3.02,2023-03-30 03:13:52.800000000,11.63,45
30-03-2023 3.02,30-03-2023 3.12,2023-03-30 03:19:13.800000000,6.98,45
30-03-2023 3.02,30-03-2023 3.02,2023-03-30 03:05:32.400000000,3.29,45
30-03-2023 3.02,30-03-2023 3.11,2023-03-30 03:24:03.000000000,12.8,45
30-03-2023 3.02,30-03-2023 3.05,2023-03-30 03:10:12.000000000,4.95,45
30-03-2023 3.02,30-03-2023 3.09,2023-03-30 03:18:42.600000000,9.46,45
30-03-2023 3.02,30-03-2023 3.03,2023-03-30 03:13:15.000000000,10,45
30-03-2023 3.02,30-03-2023 3.02,2023-03-30 03:20:34.200000000,18.32,45
30-03-2023 3.02,30-03-2023 3.02,2023-03-30 03:14:18.600000000,12.06,45
30-03-2023 3.02,30-03-2023 3.02,2023-03-30 03:13:24.600000000,11.16,45
30-03-2023 3.02,30-03-2023 3.03,2023-03-30 03:10:53.400000000,7.64,45
30-03-2023 4.45,30-03-2023 4.45,2023-03-30 04:53:34.799999999,8.53,3
30-03-2023 4.45,30-03-2023 4.46,2023-03-30 04:58:27.600000000,12.41,3
30-03-2023 4.45,30-03-2023 4.47,2023-03-30 04:59:08.400000000,12.09,3
30-03-2023 5.34,30-03-2023 5.34,2023-03-30 05:37:11.400000000,2.89,50
30-03-2023 5.34,30-03-2023 5.38,2023-03-30 05:46:16.800000000,7.98,50
30-03-2023 5.34,30-03-2023 5.35,2023-03-30 05:47:33.000000000,12.25,50
30-03-2023 5.34,30-03-2023 5.40,2023-03-30 05:49:10.800000000,8.88,50
30-03-2023 5.34,30-03-2023 5.41,2023-03-30 05:52:10.800000000,10.88,50
30-03-2023 5.34,30-03-2023 5.39,2023-03-30 05:46:27.600000000,7.16,50
30-03-2023 5.34,30-03-2023 5.35,2023-03-30 05:37:37.200000000,2.32,50
30-03-2023 5.34,30-03-2023 5.42,2023-03-30 05:56:09.599999999,13.86,50
30-03-2023 5.34,30-03-2023 5.39,2023-03-30 05:43:20.400000000,4.04,50
30-03-2023 5.34,30-03-2023 5.39,2023-03-30 05:43:21.599999999,4.06,50
30-03-2023 5.34,30-03-2023 5.41,2023-03-30 06:02:58.800000000,21.68,50
30-03-2023 5.34,30-03-2023 5.44,2023-03-30 05:54:24.000000000,10.1,50
30-03-2023 5.34,30-03-2023 5.38,2023-03-30 05:51:33.600000000,13.26,50
30-03-2023 5.34,30-03-2023 5.36,2023-03-30 05:51:19.800000000,15.03,50
30-03-2023 5.34,30-03-2023 5.42,2023-03-30 05:53:54.000000000,11.6,50
30-03-2023 5.34,30-03-2023 5.37,2023-03-30 05:38:31.200000000,1.22,50
30-03-2023 5.34,30-03-2023 5.40,2023-03-30 05:49:12.000000000,8.9,50
30-03-2023 5.34,30-03-2023 5.42,2023-03-30 05:47:35.400000000,5.29,50
30-03-2023 5.34,30-03-2023 5.44,2023-03-30 05:55:49.800000000,11.53,50
30-03-2023 5.34,30-03-2023 5.38,2023-03-30 05:50:42.000000000,12.4,50
30-03-2023 5.34,30-03-2023 5.37,2023-03-30 05:46:46.800000000,9.48,50
30-03-2023 5.34,30-03-2023 5.40,2023-03-30 05:48:33.599999999,8.26,50
30-03-2023 5.34,30-03-2023 5.37,2023-03-30 05:38:38.400000000,1.34,50
30-03-2023 5.34,30-03-2023 5.36,2023-03-30 05:43:54.000000000,7.6,50
30-03-2023 5.34,30-03-2023 5.43,2023-03-30 05:51:55.800000000,8.63,50
30-03-2023 5.34,30-03-2023 5.34,2023-03-30 05:49:05.400000000,14.79,50
30-03-2023 5.34,30-03-2023 5.35,2023-03-30 05:42:39.600000000,7.36,50
30-03-2023 5.34,30-03-2023 5.39,2023-03-30 05:57:41.400000000,18.39,50
30-03-2023 5.34,30-03-2023 5.41,2023-03-30 05:53:32.400000000,12.24,50
30-03-2023 5.34,30-03-2023 5.41,2023-03-30 05:55:29.400000000,14.19,50
30-03-2023 5.34,30-03-2023 5.40,2023-03-30 05:54:07.800000000,13.83,50
30-03-2023 5.34,30-03-2023 5.39,2023-03-30 05:51:18.000000000,12,50
30-03-2023 5.34,30-03-2023 5.34,2023-03-30 05:46:29.400000000,12.19,50
30-03-2023 5.34,30-03-2023 5.37,2023-03-30 05:43:57.600000000,6.66,50
30-03-2023 5.34,30-03-2023 5.41,2023-03-30 05:50:16.800000000,8.98,50
30-03-2023 5.34,30-03-2023 5.42,2023-03-30 05:42:01.800000000,-0.27,50
30-03-2023 5.34,30-03-2023 5.38,2023-03-30 05:48:39.599999999,10.36,50
30-03-2023 5.34,30-03-2023 5.37,2023-03-30 05:51:26.400000000,14.14,50
30-03-2023 5.34,30-03-2023 5.34,2023-03-30 05:47:49.800000000,13.53,50
30-03-2023 5.34,30-03-2023 5.35,2023-03-30 05:42:15.600000000,6.96,50
30-03-2023 5.34,30-03-2023 5.43,2023-03-30 05:50:57.000000000,7.65,50
30-03-2023 5.34,30-03-2023 5.37,2023-03-30 05:43:01.200000000,5.72,50
30-03-2023 5.34,30-03-2023 5.37,2023-03-30 05:46:03.000000000,8.75,50
30-03-2023 5.34,30-03-2023 5.37,2023-03-30 05:48:51.000000000,11.55,50
30-03-2023 5.34,30-03-2023 5.36,2023-03-30 05:42:33.000000000,6.25,50
30-03-2023 5.34,30-03-2023 5.39,2023-03-30 05:46:53.400000000,7.59,50
30-03-2023 5.34,30-03-2023 5.44,2023-03-30 05:59:41.400000000,15.39,50
30-03-2023 5.34,30-03-2023 5.35,2023-03-30 05:41:54.000000000,6.6,50
30-03-2023 5.34,30-03-2023 5.35,2023-03-30 05:44:57.600000000,9.66,50
30-03-2023 5.34,30-03-2023 5.34,2023-03-30 05:49:43.800000000,15.43,50
30-03-2023 6.51,30-03-2023 6.51,2023-03-30 07:04:35.800000000,12.93,24
30-03-2023 6.51,30-03-2023 7.00,2023-03-30 07:07:31.000000000,6.85,24
30-03-2023 6.51,30-03-2023 6.51,2023-03-30 06:54:59.800000000,3.33,24
30-03-2023 6.51,30-03-2023 6.59,2023-03-30 07:09:05.800000000,9.43,24
30-03-2023 6.51,30-03-2023 7.01,2023-03-30 07:16:01.599999999,14.36,24
30-03-2023 6.51,30-03-2023 6.53,2023-03-30 07:02:49.600000000,9.16,24
30-03-2023 6.51,30-03-2023 6.52,2023-03-30 06:59:44.200000000,7.07,24
30-03-2023 6.51,30-03-2023 6.58,2023-03-30 07:25:38.800000000,26.98,24
30-03-2023 6.51,30-03-2023 6.57,2023-03-30 07:15:21.400000000,17.69,24
30-03-2023 6.51,30-03-2023 6.56,2023-03-30 07:04:50.200000000,8.17,24
30-03-2023 6.51,30-03-2023 6.52,2023-03-30 07:05:47.199999999,13.12,24
30-03-2023 6.51,30-03-2023 6.51,2023-03-30 06:55:07.000000000,3.45,24
30-03-2023 6.51,30-03-2023 6.55,2023-03-30 07:07:08.800000000,11.48,24
30-03-2023 6.51,30-03-2023 6.59,2023-03-30 06:59:13.600000000,-0.44,24
30-03-2023 6.51,30-03-2023 6.57,2023-03-30 07:10:26.199999999,12.77,24
30-03-2023 6.51,30-03-2023 6.52,2023-03-30 07:02:08.800000000,9.48,24
30-03-2023 6.51,30-03-2023 6.51,2023-03-30 07:10:19.000000000,18.65,24
30-03-2023 6.51,30-03-2023 6.53,2023-03-30 07:06:17.199999999,12.62,24
30-03-2023 6.51,30-03-2023 6.51,2023-03-30 07:04:53.800000000,13.23,24
30-03-2023 6.51,30-03-2023 6.54,2023-03-30 07:06:58.000000000,12.3,24
30-03-2023 6.51,30-03-2023 7.01,2023-03-30 07:06:16.000000000,4.6,24
30-03-2023 6.51,30-03-2023 6.55,2023-03-30 06:54:34.600000000,-1.09,24
30-03-2023 6.51,30-03-2023 7.00,2023-03-30 07:08:17.800000000,7.63,24
30-03-2023 6.51,30-03-2023 6.53,2023-03-30 07:04:30.400000000,10.84,24
30-03-2023 7.14,30-03-2023 7.14,2023-03-30 07:22:55.400000000,8.59,3
30-03-2023 7.14,30-03-2023 7.24,2023-03-30 07:37:00.200000000,12.67,3
30-03-2023 7.14,30-03-2023 7.16,2023-03-30 07:21:24.800000000,5.08,3
30-03-2023 8.42,30-03-2023 8.42,2023-03-30 08:46:29.000000000,3.7,47
30-03-2023 8.42,30-03-2023 8.43,2023-03-30 08:47:57.799999999,4.18,47
30-03-2023 8.42,30-03-2023 8.42,2023-03-30 08:42:24.200000000,-0.38,47
30-03-2023 8.42,30-03-2023 8.45,2023-03-30 08:52:08.000000000,6.35,47
30-03-2023 8.42,30-03-2023 8.45,2023-03-30 08:54:27.200000000,8.67,47
30-03-2023 8.42,30-03-2023 8.50,2023-03-30 09:03:23.599999999,12.61,47
30-03-2023 8.42,30-03-2023 8.50,2023-03-30 09:00:28.400000000,9.69,47
30-03-2023 8.42,30-03-2023 8.42,2023-03-30 08:49:24.800000000,6.63,47
30-03-2023 8.42,30-03-2023 8.50,2023-03-30 09:04:26.000000000,13.65,47
30-03-2023 8.42,30-03-2023 8.42,2023-03-30 08:52:03.800000000,9.28,47
30-03-2023 8.42,30-03-2023 8.48,2023-03-30 09:03:36.800000000,14.83,47
30-03-2023 8.42,30-03-2023 8.49,2023-03-30 08:56:06.200000000,6.32,47
30-03-2023 8.42,30-03-2023 8.47,2023-03-30 08:58:27.800000000,10.68,47
30-03-2023 8.42,30-03-2023 8.50,2023-03-30 08:59:22.400000000,8.59,47
30-03-2023 8.42,30-03-2023 8.48,2023-03-30 09:00:05.000000000,11.3,47
30-03-2023 8.42,30-03-2023 8.43,2023-03-30 09:00:47.600000000,17.01,47
30-03-2023 8.42,30-03-2023 8.51,2023-03-30 09:05:08.599999999,13.36,47
30-03-2023 8.42,30-03-2023 8.44,2023-03-30 08:46:10.399999999,1.39,47
30-03-2023 8.42,30-03-2023 8.42,2023-03-30 08:49:26.000000000,6.65,47
30-03-2023 8.42,30-03-2023 8.51,2023-03-30 09:04:55.400000000,13.14,47
30-03-2023 8.42,30-03-2023 8.45,2023-03-30 08:55:02.000000000,9.25,47
30-03-2023 8.42,30-03-2023 8.50,2023-03-30 08:56:25.400000000,5.64,47
30-03-2023 8.42,30-03-2023 8.46,2023-03-30 09:01:08.000000000,14.35,47
30-03-2023 8.42,30-03-2023 8.44,2023-03-30 08:56:34.400000000,11.79,47
30-03-2023 8.42,30-03-2023 8.46,2023-03-30 08:58:37.400000000,11.84,47
30-03-2023 8.42,30-03-2023 8.46,2023-03-30 08:47:54.800000000,1.13,47
30-03-2023 8.42,30-03-2023 8.46,2023-03-30 08:52:48.200000000,6.02,47
30-03-2023 8.42,30-03-2023 8.49,2023-03-30 08:49:32.000000000,-0.25,47
30-03-2023 8.42,30-03-2023 8.44,2023-03-30 08:55:47.000000000,11,47
30-03-2023 8.42,30-03-2023 8.49,2023-03-30 08:56:23.600000000,6.61,47
30-03-2023 8.42,30-03-2023 8.49,2023-03-30 09:06:46.399999999,16.99,47
30-03-2023 8.42,30-03-2023 8.46,2023-03-30 08:48:51.199999999,2.07,47
30-03-2023 8.42,30-03-2023 8.44,2023-03-30 09:03:32.000000000,18.75,47
30-03-2023 8.42,30-03-2023 8.51,2023-03-30 09:07:50.000000000,16.05,47
30-03-2023 8.42,30-03-2023 8.44,2023-03-30 08:54:27.200000000,9.67,47
30-03-2023 8.42,30-03-2023 8.46,2023-03-30 08:59:45.800000000,12.98,47
30-03-2023 8.42,30-03-2023 8.43,2023-03-30 08:59:27.800000000,15.68,47
30-03-2023 8.42,30-03-2023 8.47,2023-03-30 09:00:23.000000000,12.6,47
30-03-2023 8.42,30-03-2023 8.52,2023-03-30 09:04:59.000000000,12.2,47
30-03-2023 8.42,30-03-2023 8.48,2023-03-30 08:52:24.200000000,3.62,47
30-03-2023 8.42,30-03-2023 8.44,2023-03-30 08:53:34.400000000,8.79,47
30-03-2023 8.42,30-03-2023 8.46,2023-03-30 08:52:12.799999999,5.43,47
30-03-2023 8.42,30-03-2023 8.42,2023-03-30 09:01:57.800000000,19.18,47
30-03-2023 8.42,30-03-2023 8.49,2023-03-30 09:06:03.800000000,16.28,47
30-03-2023 8.42,30-03-2023 8.48,2023-03-30 08:59:35.000000000,10.8,47
30-03-2023 8.42,30-03-2023 8.49,2023-03-30 09:01:44.000000000,11.95,47
30-03-2023 8.42,30-03-2023 8.48,2023-03-30 08:46:56.600000000,-1.84,47
30-03-2023 9.49,30-03-2023 9.49,2023-03-30 09:58:34.000000000,9.5,10
30-03-2023 9.49,30-03-2023 9.49,2023-03-30 09:57:23.800000000,8.33,10
30-03-2023 9.49,30-03-2023 9.50,2023-03-30 09:52:20.799999999,2.28,10
30-03-2023 9.49,30-03-2023 9.50,2023-03-30 09:56:55.000000000,6.85,10
30-03-2023 9.49,30-03-2023 9.58,2023-03-30 10:05:26.800000000,7.38,10
30-03-2023 9.49,30-03-2023 9.50,2023-03-30 10:02:41.800000000,12.63,10
30-03-2023 9.49,30-03-2023 9.58,2023-03-30 10:12:02.800000000,13.98,10
30-03-2023 9.49,30-03-2023 9.52,2023-03-30 10:04:28.000000000,12.4,10
30-03-2023 9.49,30-03-2023 9.57,2023-03-30 10:08:35.199999999,11.52,10
30-03-2023 9.49,30-03-2023 9.59,2023-03-30 10:13:34.600000000,14.51,10
30-03-2023 10.31,30-03-2023 10.31,2023-03-30 10:44:31.400000000,13.14,32
30-03-2023 10.31,30-03-2023 10.35,2023-03-30 10:40:59.000000000,5.6,32
30-03-2023 10.31,30-03-2023 10.37,2023-03-30 10:48:41.000000000,11.3,32
30-03-2023 10.31,30-03-2023 10.33,2023-03-30 10:44:06.200000000,10.72,32
30-03-2023 10.31,30-03-2023 10.31,2023-03-30 10:36:47.600000000,5.41,32
30-03-2023 10.31,30-03-2023 10.31,2023-03-30 10:45:21.800000000,13.98,32
30-03-2023 10.31,30-03-2023 10.34,2023-03-30 10:45:29.000000000,11.1,32
30-03-2023 10.31,30-03-2023 10.41,2023-03-30 10:51:06.800000000,9.73,32
30-03-2023 10.31,30-03-2023 10.38,2023-03-30 10:47:33.200000000,9.17,32
30-03-2023 10.31,30-03-2023 10.32,2023-03-30 10:39:00.200000000,6.62,32
30-03-2023 10.31,30-03-2023 10.38,2023-03-30 10:47:40.400000000,9.29,32
30-03-2023 10.31,30-03-2023 10.37,2023-03-30 10:39:12.200000000,1.82,32
30-03-2023 10.31,30-03-2023 10.41,2023-03-30 10:47:42.800000000,6.33,32
30-03-2023 10.31,30-03-2023 10.34,2023-03-30 10:46:30.199999999,12.12,32
30-03-2023 10.31,30-03-2023 10.31,2023-03-30 10:37:44.000000000,6.35,32
30-03-2023 10.31,30-03-2023 10.35,2023-03-30 10:44:29.599999999,9.11,32
30-03-2023 10.31,30-03-2023 10.41,2023-03-30 10:53:36.200000000,12.22,32
30-03-2023 10.31,30-03-2023 10.33,2023-03-30 10:44:02.000000000,10.65,32
30-03-2023 10.31,30-03-2023 10.33,2023-03-30 10:44:15.800000000,10.88,32
30-03-2023 10.31,30-03-2023 10.39,2023-03-30 10:54:21.200000000,14.97,32
30-03-2023 10.31,30-03-2023 10.37,2023-03-30 10:51:24.199999999,14.02,32
30-03-2023 10.31,30-03-2023 10.35,2023-03-30 10:41:16.400000000,5.89,32
30-03-2023 10.31,30-03-2023 10.32,2023-03-30 10:40:09.200000000,7.77,32
30-03-2023 10.31,30-03-2023 10.34,2023-03-30 10:53:14.600000000,18.86,32
30-03-2023 10.31,30-03-2023 10.32,2023-03-30 10:38:25.400000000,6.04,32
30-03-2023 10.31,30-03-2023 10.36,2023-03-30 10:38:43.399999999,2.34,32
30-03-2023 10.31,30-03-2023 10.31,2023-03-30 10:43:58.400000000,12.59,32
30-03-2023 10.31,30-03-2023 10.40,2023-03-30 10:50:53.000000000,10.5,32
30-03-2023 10.31,30-03-2023 10.35,2023-03-30 10:47:15.199999999,11.87,32
30-03-2023 10.31,30-03-2023 10.31,2023-03-30 10:43:34.400000000,12.19,32
30-03-2023 10.31,30-03-2023 10.33,2023-03-30 10:42:10.400000000,8.79,32
30-03-2023 10.31,30-03-2023 10.38,2023-03-30 10:39:24.800000000,1.03,32
30-03-2023 11.32,30-03-2023 11.32,2023-03-30 11:36:39.200000000,4.17,2
30-03-2023 11.32,30-03-2023 11.32,2023-03-30 11:36:58.400000000,4.49,2
30-03-2023 12.33,30-03-2023 12.33,2023-03-30 12:49:45.999999999,16.65,40
30-03-2023 12.33,30-03-2023 12.35,2023-03-30 12:45:49.600000000,10.71,40
30-03-2023 12.33,30-03-2023 12.39,2023-03-30 12:46:31.600000000,7.41,40
30-03-2023 12.33,30-03-2023 12.43,2023-03-30 13:07:39.399999999,24.54,40
30-03-2023 12.33,30-03-2023 12.38,2023-03-30 12:52:29.199999999,14.37,40
30-03-2023 12.33,30-03-2023 12.40,2023-03-30 12:46:10.599999999,6.06,40
30-03-2023 12.33,30-03-2023 12.36,2023-03-30 12:40:23.200000000,4.27,40
30-03-2023 12.33,30-03-2023 12.37,2023-03-30 12:37:46.600000000,0.66,40
30-03-2023 12.33,30-03-2023 12.43,2023-03-30 12:51:53.799999999,8.78,40
30-03-2023 12.33,30-03-2023 12.37,2023-03-30 12:44:00.400000000,6.89,40
30-03-2023 12.33,30-03-2023 12.42,2023-03-30 12:52:08.800000000,10.03,40
30-03-2023 12.33,30-03-2023 12.41,2023-03-30 12:57:34.000000000,16.45,40
30-03-2023 12.33,30-03-2023 12.40,2023-03-30 12:49:16.000000000,9.15,40
30-03-2023 12.33,30-03-2023 12.36,2023-03-30 12:46:44.800000000,10.63,40
30-03-2023 12.33,30-03-2023 12.40,2023-03-30 12:59:03.400000000,18.94,40
30-03-2023 12.33,30-03-2023 12.36,2023-03-30 12:46:46.600000000,10.66,40
30-03-2023 12.33,30-03-2023 12.34,2023-03-30 12:49:01.000000000,14.9,40
30-03-2023 12.33,30-03-2023 12.36,2023-03-30 12:48:37.600000000,12.51,40
30-03-2023 12.33,30-03-2023 12.39,2023-03-30 12:46:11.800000000,7.08,40
30-03-2023 12.33,30-03-2023 12.42,2023-03-30 12:47:44.200000000,5.62,40
30-03-2023 12.33,30-03-2023 12.38,2023-03-30 12:58:21.399999999,20.24,40
30-03-2023 12.33,30-03-2023 12.39,2023-03-30 12:45:09.400000000,6.04,40
30-03-2023 12.33,30-03-2023 12.37,2023-03-30 12:43:38.200000000,6.52,40
30-03-2023 12.33,30-03-2023 12.43,2023-03-30 12:48:21.400000000,5.24,40
30-03-2023 12.33,30-03-2023 12.38,2023-03-30 12:57:11.800000000,19.08,40
30-03-2023 12.33,30-03-2023 12.34,2023-03-30 12:46:39.400000000,12.54,40
30-03-2023 12.33,30-03-2023 12.35,2023-03-30 12:45:08.199999999,10.02,40
30-03-2023 12.33,30-03-2023 12.40,2023-03-30 12:50:04.600000000,9.96,40
30-03-2023 12.33,30-03-2023 12.33,2023-03-30 12:37:31.000000000,4.4,40
30-03-2023 12.33,30-03-2023 12.34,2023-03-30 12:41:15.400000000,7.14,40
30-03-2023 12.33,30-03-2023 12.43,2023-03-30 12:53:44.199999999,10.62,40
30-03-2023 12.33,30-03-2023 12.38,2023-03-30 12:49:13.000000000,11.1,40
30-03-2023 12.33,30-03-2023 12.40,2023-03-30 12:51:38.800000000,11.53,40
30-03-2023 12.33,30-03-2023 12.38,2023-03-30 12:45:08.800000000,7.03,40
30-03-2023 12.33,30-03-2023 12.43,2023-03-30 12:55:49.000000000,12.7,40
30-03-2023 12.33,30-03-2023 12.37,2023-03-30 12:43:26.800000000,6.33,40
30-03-2023 12.33,30-03-2023 12.40,2023-03-30 12:59:59.200000000,19.87,40
30-03-2023 12.33,30-03-2023 12.37,2023-03-30 12:41:50.200000000,4.72,40
30-03-2023 12.33,30-03-2023 12.43,2023-03-30 12:54:04.000000000,10.95,40
30-03-2023 12.33,30-03-2023 12.43,2023-03-30 12:47:28.000000000,4.35,40
30-03-2023 13.55,30-03-2023 13.55,2023-03-30 13:57:17.800000000,1.53,25
30-03-2023 13.55,30-03-2023 14.03,2023-03-30 14:17:02.199999999,13.27,25
30-03-2023 13.55,30-03-2023 13.57,2023-03-30 14:10:25.000000000,12.65,25
30-03-2023 13.55,30-03-2023 13.57,2023-03-30 14:12:24.400000000,14.64,25
30-03-2023 13.55,30-03-2023 14.05,2023-03-30 14:14:08.199999999,8.37,25
30-03-2023 13.55,30-03-2023 13.58,2023-03-30 14:14:21.400000000,15.59,25
30-03-2023 13.55,30-03-2023 13.57,2023-03-30 14:06:14.200000000,8.47,25
30-03-2023 13.55,30-03-2023 13.59,2023-03-30 14:12:23.199999999,12.62,25
30-03-2023 13.55,30-03-2023 13.58,2023-03-30 14:06:46.000000000,8,25
30-03-2023 13.55,30-03-2023 13.57,2023-03-30 14:08:47.199999999,11.02,25
30-03-2023 13.55,30-03-2023 13.58,2023-03-30 14:11:01.600000000,12.26,25
30-03-2023 13.55,30-03-2023 13.56,2023-03-30 14:07:29.800000000,10.73,25
30-03-2023 13.55,30-03-2023 13.57,2023-03-30 14:02:13.600000000,4.46,25
30-03-2023 13.55,30-03-2023 13.59,2023-03-30 14:13:24.400000000,13.64,25
30-03-2023 13.55,30-03-2023 14.04,2023-03-30 14:12:14.800000000,7.48,25
30-03-2023 13.55,30-03-2023 14.03,2023-03-30 14:17:57.400000000,14.19,25
30-03-2023 13.55,30-03-2023 14.05,2023-03-30 14:10:41.799999999,4.93,25
30-03-2023 13.55,30-03-2023 13.57,2023-03-30 14:14:53.200000000,17.12,25
30-03-2023 13.55,30-03-2023 14.05,2023-03-30 14:11:39.400000000,5.89,25
30-03-2023 13.55,30-03-2023 13.57,2023-03-30 14:07:27.400000000,9.69,25
30-03-2023 13.55,30-03-2023 14.04,2023-03-30 14:10:32.200000000,5.77,25
30-03-2023 13.55,30-03-2023 13.57,2023-03-30 14:09:03.400000000,11.29,25
30-03-2023 13.55,30-03-2023 14.03,2023-03-30 14:15:31.000000000,11.75,25
30-03-2023 13.55,30-03-2023 13.58,2023-03-30 14:07:15.400000000,8.49,25
30-03-2023 13.55,30-03-2023 13.58,2023-03-30 14:10:35.800000000,11.83,25
30-03-2023 14.12,30-03-2023 14.12,2023-03-30 14:32:00.800000000,19.48,17
30-03-2023 14.12,30-03-2023 14.22,2023-03-30 14:39:19.400000000,16.79,17
30-03-2023 14.12,30-03-2023 14.19,2023-03-30 14:30:53.599999999,11.36,17
30-03-2023 14.12,30-03-2023 14.19,2023-03-30 14:39:29.000000000,19.95,17
30-03-2023 14.12,30-03-2023 14.19,2023-03-30 14:32:25.400000000,12.89,17
30-03-2023 14.12,30-03-2023 14.13,2023-03-30 14:27:32.600000000,14.01,17
30-03-2023 14.12,30-03-2023 14.15,2023-03-30 14:27:56.600000000,12.41,17
30-03-2023 14.12,30-03-2023 14.17,2023-03-30 14:23:08.600000000,5.61,17
30-03-2023 14.12,30-03-2023 14.16,2023-03-30 14:31:50.600000000,15.31,17
30-03-2023 14.12,30-03-2023 14.15,2023-03-30 14:23:40.400000000,8.14,17
30-03-2023 14.12,30-03-2023 14.16,2023-03-30 14:34:41.000000000,18.15,17
30-03-2023 14.12,30-03-2023 14.22,2023-03-30 14:28:22.400000000,5.84,17
30-03-2023 14.12,30-03-2023 14.15,2023-03-30 14:26:48.199999999,11.27,17
30-03-2023 14.12,30-03-2023 14.17,2023-03-30 14:27:05.000000000,9.55,17
30-03-2023 14.12,30-03-2023 14.16,2023-03-30 14:25:21.200000000,8.82,17
30-03-2023 14.12,30-03-2023 14.18,2023-03-30 14:24:06.200000000,5.57,17
30-03-2023 14.12,30-03-2023 14.19,2023-03-30 14:29:26.000000000,9.9,17
30-03-2023 15.45,30-03-2023 15.45,2023-03-30 15:55:36.400000000,9.79,25
30-03-2023 15.45,30-03-2023 15.45,2023-03-30 15:52:15.400000000,6.44,25
30-03-2023 15.45,30-03-2023 15.49,2023-03-30 16:03:56.800000000,14.13,25
30-03-2023 15.45,30-03-2023 15.52,2023-03-30 16:07:46.000000000,14.95,25
30-03-2023 15.45,30-03-2023 15.55,2023-03-30 16:03:16.600000000,7.46,25
30-03-2023 15.45,30-03-2023 15.46,2023-03-30 15:53:09.400000000,6.34,25
30-03-2023 15.45,30-03-2023 15.54,2023-03-30 16:06:53.800000000,12.08,25
30-03-2023 15.45,30-03-2023 15.48,2023-03-30 16:04:30.400000000,15.69,25
30-03-2023 15.45,30-03-2023 15.48,2023-03-30 16:11:06.399999999,22.29,25
30-03-2023 15.45,30-03-2023 15.53,2023-03-30 16:02:50.199999999,9.02,25
30-03-2023 15.45,30-03-2023 15.51,2023-03-30 16:10:25.600000000,18.61,25
30-03-2023 15.45,30-03-2023 15.45,2023-03-30 15:59:17.800000000,13.48,25
30-03-2023 15.45,30-03-2023 15.47,2023-03-30 16:00:38.800000000,12.83,25
30-03-2023 15.45,30-03-2023 15.53,2023-03-30 16:03:34.000000000,9.75,25
30-03-2023 15.45,30-03-2023 15.54,2023-03-30 15:58:28.600000000,3.66,25
30-03-2023 15.45,30-03-2023 15.53,2023-03-30 15:58:00.400000000,4.19,25
30-03-2023 15.45,30-03-2023 15.49,2023-03-30 15:53:28.000000000,3.65,25
30-03-2023 15.45,30-03-2023 15.49,2023-03-30 16:03:41.199999999,13.87,25
30-03-2023 15.45,30-03-2023 15.51,2023-03-30 15:53:13.000000000,1.4,25
30-03-2023 15.45,30-03-2023 15.52,2023-03-30 16:07:22.600000000,14.56,25
30-03-2023 15.45,30-03-2023 15.52,2023-03-30 16:08:41.800000000,15.88,25
30-03-2023 15.45,30-03-2023 15.47,2023-03-30 15:56:31.600000000,8.71,25
30-03-2023 15.45,30-03-2023 15.55,2023-03-30 16:04:31.600000000,8.71,25
30-03-2023 15.45,30-03-2023 15.50,2023-03-30 15:48:12.400000000,-2.61,25
30-03-2023 15.45,30-03-2023 15.48,2023-03-30 15:53:22.000000000,4.55,25
30-03-2023 16.45,30-03-2023 16.45,2023-03-30 16:52:38.000000000,7.5,27
30-03-2023 16.45,30-03-2023 16.54,2023-03-30 17:11:31.400000000,17.39,27
30-03-2023 16.45,30-03-2023 16.51,2023-03-30 16:56:32.000000000,5.4,27
30-03-2023 16.45,30-03-2023 16.53,2023-03-30 16:50:12.200000000,-2.93,27
30-03-2023 16.45,30-03-2023 16.52,2023-03-30 17:05:27.200000000,13.32,27
30-03-2023 16.45,30-03-2023 16.48,2023-03-30 17:06:10.399999999,18.04,27
30-03-2023 16.45,30-03-2023 16.53,2023-03-30 16:51:37.400000000,-1.51,27
30-03-2023 16.45,30-03-2023 16.45,2023-03-30 17:03:15.200000000,18.12,27
30-03-2023 16.45,30-03-2023 16.55,2023-03-30 16:59:29.600000000,4.36,27
30-03-2023 16.45,30-03-2023 16.46,2023-03-30 16:59:47.000000000,13.65,27
30-03-2023 16.45,30-03-2023 16.47,2023-03-30 16:57:41.000000000,10.55,27
30-03-2023 16.45,30-03-2023 16.48,2023-03-30 16:57:35.600000000,9.46,27
30-03-2023 16.45,30-03-2023 16.50,2023-03-30 17:05:38.600000000,15.51,27
30-03-2023 16.45,30-03-2023 16.50,2023-03-30 16:59:33.200000000,9.42,27
30-03-2023 16.45,30-03-2023 16.55,2023-03-30 17:05:21.800000000,10.23,27
30-03-2023 16.45,30-03-2023 16.49,2023-03-30 16:57:41.000000000,8.55,27
30-03-2023 16.45,30-03-2023 16.45,2023-03-30 16:59:50.600000000,14.71,27
30-03-2023 16.45,30-03-2023 16.45,2023-03-30 16:54:41.000000000,9.55,27
30-03-2023 16.45,30-03-2023 16.53,2023-03-30 17:04:33.200000000,11.42,27
30-03-2023 16.45,30-03-2023 16.53,2023-03-30 17:07:20.600000000,14.21,27
30-03-2023 16.45,30-03-2023 16.54,2023-03-30 17:13:50.000000000,19.7,27
30-03-2023 16.45,30-03-2023 16.45,2023-03-30 16:51:30.200000000,6.37,27
30-03-2023 16.45,30-03-2023 16.50,2023-03-30 16:54:21.800000000,4.23,27
30-03-2023 16.45,30-03-2023 16.45,2023-03-30 16:54:51.200000000,9.72,27
30-03-2023 16.45,30-03-2023 16.50,2023-03-30 16:53:33.800000000,3.43,27
30-03-2023 16.45,30-03-2023 16.49,2023-03-30 16:59:53.000000000,10.75,27
30-03-2023 16.45,30-03-2023 16.46,2023-03-30 16:48:47.000000000,2.65,27
30-03-2023 17.34,30-03-2023 17.34,2023-03-30 17:47:26.000000000,12.55,16
30-03-2023 17.34,30-03-2023 17.37,2023-03-30 17:49:18.800000000,11.43,16
30-03-2023 17.34,30-03-2023 17.34,2023-03-30 17:51:12.200000000,16.32,16
30-03-2023 17.34,30-03-2023 17.36,2023-03-30 17:51:18.800000000,14.43,16
30-03-2023 17.34,30-03-2023 17.34,2023-03-30 17:43:35.600000000,8.71,16
30-03-2023 17.34,30-03-2023 17.40,2023-03-30 17:58:08.000000000,17.25,16
30-03-2023 17.34,30-03-2023 17.41,2023-03-30 17:45:27.200000000,3.57,16
30-03-2023 17.34,30-03-2023 17.43,2023-03-30 17:54:59.599999999,11.11,16
30-03-2023 17.34,30-03-2023 17.36,2023-03-30 17:48:13.400000000,11.34,16
30-03-2023 17.34,30-03-2023 17.43,2023-03-30 17:51:59.599999999,8.11,16
30-03-2023 17.34,30-03-2023 17.36,2023-03-30 17:46:44.599999999,9.86,16
30-03-2023 17.34,30-03-2023 17.38,2023-03-30 17:39:58.400000000,1.09,16
30-03-2023 17.34,30-03-2023 17.43,2023-03-30 17:43:08.600000000,-0.74,16
30-03-2023 17.34,30-03-2023 17.40,2023-03-30 17:45:43.400000000,4.84,16
30-03-2023 17.34,30-03-2023 17.37,2023-03-30 17:52:49.400000000,14.94,16
30-03-2023 17.34,30-03-2023 17.42,2023-03-30 17:53:02.600000000,10.16,16
30-03-2023 18.31,30-03-2023 18.31,2023-03-30 18:41:58.800000000,10.58,30
30-03-2023 18.31,30-03-2023 18.32,2023-03-30 18:46:47.400000000,14.39,30
30-03-2023 18.31,30-03-2023 18.35,2023-03-30 18:42:41.400000000,7.29,30
30-03-2023 18.31,30-03-2023 18.31,2023-03-30 18:41:57.600000000,10.56,30
30-03-2023 18.31,30-03-2023 18.36,2023-03-30 18:41:33.000000000,5.15,30
30-03-2023 18.31,30-03-2023 18.33,2023-03-30 18:44:40.800000000,11.28,30
30-03-2023 18.31,30-03-2023 18.34,2023-03-30 18:48:10.199999999,13.77,30
30-03-2023 18.31,30-03-2023 18.39,2023-03-30 18:56:14.400000000,16.84,30
30-03-2023 18.31,30-03-2023 18.38,2023-03-30 18:47:10.199999999,8.77,30
30-03-2023 18.31,30-03-2023 18.40,2023-03-30 18:53:51.600000000,13.46,30
30-03-2023 18.31,30-03-2023 18.35,2023-03-30 18:51:09.600000000,15.76,30
30-03-2023 18.31,30-03-2023 18.31,2023-03-30 18:46:37.800000000,15.23,30
30-03-2023 18.31,30-03-2023 18.34,2023-03-30 18:47:57.600000000,13.56,30
30-03-2023 18.31,30-03-2023 18.40,2023-03-30 18:50:31.800000000,10.13,30
30-03-2023 18.31,30-03-2023 18.39,2023-03-30 18:43:45.600000000,4.36,30
30-03-2023 18.31,30-03-2023 18.32,2023-03-30 18:45:27.600000000,13.06,30
30-03-2023 18.31,30-03-2023 18.34,2023-03-30 18:46:36.000000000,12.2,30
30-03-2023 18.31,30-03-2023 18.40,2023-03-30 18:54:00.000000000,13.6,30
30-03-2023 18.31,30-03-2023 18.35,2023-03-30 18:55:15.600000000,19.86,30
30-03-2023 18.31,30-03-2023 18.37,2023-03-30 18:43:46.800000000,6.38,30
30-03-2023 18.31,30-03-2023 18.34,2023-03-30 18:36:13.200000000,1.82,30
30-03-2023 18.31,30-03-2023 18.32,2023-03-30 18:38:27.000000000,6.05,30
30-03-2023 18.31,30-03-2023 18.37,2023-03-30 18:50:07.200000000,12.72,30
30-03-2023 18.31,30-03-2023 18.41,2023-03-30 18:56:00.599999999,14.61,30
30-03-2023 18.31,30-03-2023 18.32,2023-03-30 18:31:24.000000000,-1,30
30-03-2023 18.31,30-03-2023 18.31,2023-03-30 18:34:27.000000000,3.05,30
30-03-2023 18.31,30-03-2023 18.36,2023-03-30 18:58:00.600000000,21.61,30
30-03-2023 18.31,30-03-2023 18.37,2023-03-30 18:49:27.000000000,12.05,30
30-03-2023 18.31,30-03-2023 18.34,2023-03-30 18:49:48.000000000,15.4,30
30-03-2023 18.31,30-03-2023 18.33,2023-03-30 18:40:14.400000000,6.84,30
30-03-2023 19.51,30-03-2023 19.51,2023-03-30 20:00:39.400000000,9.49,12
30-03-2023 19.51,30-03-2023 19.57,2023-03-30 20:13:29.200000000,16.32,12
30-03-2023 19.51,30-03-2023 19.53,2023-03-30 20:05:05.800000000,11.93,12
30-03-2023 19.51,30-03-2023 19.52,2023-03-30 20:01:13.600000000,9.06,12
30-03-2023 19.51,30-03-2023 19.57,2023-03-30 20:10:29.800000000,13.33,12
30-03-2023 19.51,30-03-2023 19.57,2023-03-30 20:07:34.600000000,10.41,12
30-03-2023 19.51,30-03-2023 19.59,2023-03-30 20:16:43.599999999,17.56,12
30-03-2023 19.51,30-03-2023 19.56,2023-03-30 20:10:28.600000000,14.31,12
30-03-2023 19.51,30-03-2023 19.51,2023-03-30 20:02:42.400000000,11.54,12
30-03-2023 19.51,30-03-2023 19.55,2023-03-30 19:59:34.000000000,4.4,12
30-03-2023 19.51,30-03-2023 20.00,2023-03-30 20:17:22.000000000,17.2,12
30-03-2023 19.51,30-03-2023 20.00,2023-03-30 20:14:59.800000000,14.83,12
30-03-2023 20.49,30-03-2023 20.49,2023-03-30 20:56:26.000000000,6.5,22
30-03-2023 20.49,30-03-2023 20.56,2023-03-30 20:57:38.000000000,0.7,22
30-03-2023 20.49,30-03-2023 20.58,2023-03-30 21:08:18.800000000,9.38,22
30-03-2023 20.49,30-03-2023 20.59,2023-03-30 21:08:18.199999999,8.37,22
30-03-2023 20.49,30-03-2023 20.50,2023-03-30 20:59:22.999999999,8.45,22
30-03-2023 20.49,30-03-2023 20.53,2023-03-30 21:12:48.200000000,18.87,22
30-03-2023 20.49,30-03-2023 20.54,2023-03-30 21:09:51.200000000,14.92,22
30-03-2023 20.49,30-03-2023 20.59,2023-03-30 21:15:10.400000000,15.24,22
30-03-2023 20.49,30-03-2023 20.50,2023-03-30 20:58:30.800000000,7.58,22
30-03-2023 20.49,30-03-2023 20.54,2023-03-30 21:07:36.800000000,12.68,22
30-03-2023 20.49,30-03-2023 20.57,2023-03-30 21:06:48.199999999,8.87,22
30-03-2023 20.49,30-03-2023 20.50,2023-03-30 21:01:18.199999999,10.37,22
30-03-2023 20.49,30-03-2023 20.59,2023-03-30 21:19:03.800000000,19.13,22
30-03-2023 20.49,30-03-2023 20.59,2023-03-30 21:12:42.800000000,12.78,22
30-03-2023 20.49,30-03-2023 20.50,2023-03-30 21:03:21.800000000,12.43,22
30-03-2023 20.49,30-03-2023 20.58,2023-03-30 21:08:56.600000000,10.01,22
30-03-2023 20.49,30-03-2023 20.59,2023-03-30 21:05:38.000000000,5.7,22
30-03-2023 20.49,30-03-2023 20.52,2023-03-30 21:04:13.400000000,11.29,22
30-03-2023 20.49,30-03-2023 20.57,2023-03-30 21:07:11.600000000,9.26,22
30-03-2023 20.49,30-03-2023 20.51,2023-03-30 21:04:48.199999999,12.87,22
30-03-2023 20.49,30-03-2023 20.59,2023-03-30 21:02:36.800000000,2.68,22
30-03-2023 20.49,30-03-2023 20.49,2023-03-30 21:10:51.800000000,20.93,22
30-03-2023 21.09,30-03-2023 21.09,2023-03-30 21:20:08.400000000,10.29,44
30-03-2023 21.09,30-03-2023 21.12,2023-03-30 21:34:46.800000000,21.93,44
30-03-2023 21.09,30-03-2023 21.11,2023-03-30 21:15:36.000000000,3.75,44
30-03-2023 21.09,30-03-2023 21.18,2023-03-30 21:27:10.800000000,8.33,44
30-03-2023 21.09,30-03-2023 21.12,2023-03-30 21:15:07.199999999,2.27,44
30-03-2023 21.09,30-03-2023 21.18,2023-03-30 21:25:12.600000000,6.36,44
30-03-2023 21.09,30-03-2023 21.09,2023-03-30 21:17:24.599999999,7.56,44
30-03-2023 21.09,30-03-2023 21.13,2023-03-30 21:28:34.800000000,14.73,44
30-03-2023 21.09,30-03-2023 21.13,2023-03-30 21:26:19.200000000,12.47,44
30-03-2023 21.09,30-03-2023 21.13,2023-03-30 21:19:10.800000000,5.33,44
30-03-2023 21.09,30-03-2023 21.13,2023-03-30 21:15:24.000000000,1.55,44
30-03-2023 21.09,30-03-2023 21.15,2023-03-30 21:25:03.000000000,9.2,44
30-03-2023 21.09,30-03-2023 21.10,2023-03-30 21:21:51.000000000,11,44
30-03-2023 21.09,30-03-2023 21.13,2023-03-30 21:19:25.800000000,5.58,44
30-03-2023 21.09,30-03-2023 21.19,2023-03-30 21:33:13.800000000,13.38,44
30-03-2023 21.09,30-03-2023 21.13,2023-03-30 21:22:06.599999999,8.26,44
30-03-2023 21.09,30-03-2023 21.12,2023-03-30 21:14:43.200000000,1.87,44
30-03-2023 21.09,30-03-2023 21.09,2023-03-30 21:20:18.600000000,10.46,44
30-03-2023 21.09,30-03-2023 21.14,2023-03-30 21:24:12.000000000,9.35,44
30-03-2023 21.09,30-03-2023 21.09,2023-03-30 21:26:28.800000000,16.63,44
30-03-2023 21.09,30-03-2023 21.16,2023-03-30 21:23:32.400000000,6.69,44
30-03-2023 21.09,30-03-2023 21.13,2023-03-30 21:25:55.200000000,12.07,44
30-03-2023 21.09,30-03-2023 21.09,2023-03-30 21:19:54.600000000,10.06,44
30-03-2023 21.09,30-03-2023 21.14,2023-03-30 21:31:15.600000000,16.41,44
30-03-2023 21.09,30-03-2023 21.10,2023-03-30 21:13:16.200000000,2.42,44
30-03-2023 21.09,30-03-2023 21.18,2023-03-30 21:29:05.400000000,10.24,44
30-03-2023 21.09,30-03-2023 21.12,2023-03-30 21:25:58.800000000,13.13,44
30-03-2023 21.09,30-03-2023 21.19,2023-03-30 21:30:55.200000000,11.07,44
30-03-2023 21.09,30-03-2023 21.15,2023-03-30 21:29:37.199999999,13.77,44
30-03-2023 21.09,30-03-2023 21.14,2023-03-30 21:17:53.400000000,3.04,44
30-03-2023 21.09,30-03-2023 21.10,2023-03-30 21:25:54.600000000,15.06,44
30-03-2023 21.09,30-03-2023 21.19,2023-03-30 21:22:20.400000000,2.49,44
30-03-2023 21.09,30-03-2023 21.09,2023-03-30 21:17:12.000000000,7.35,44
30-03-2023 21.09,30-03-2023 21.14,2023-03-30 21:26:04.800000000,11.23,44
30-03-2023 21.09,30-03-2023 21.11,2023-03-30 21:19:51.599999999,8.01,44
30-03-2023 21.09,30-03-2023 21.13,2023-03-30 21:28:35.400000000,14.74,44
30-03-2023 21.09,30-03-2023 21.15,2023-03-30 21:25:13.800000000,9.38,44
30-03-2023 21.09,30-03-2023 21.15,2023-03-30 21:29:37.199999999,13.77,44
30-03-2023 21.09,30-03-2023 21.17,2023-03-30 21:25:57.000000000,8.1,44
30-03-2023 21.09,30-03-2023 21.19,2023-03-30 21:29:56.400000000,10.09,44
30-03-2023 21.09,30-03-2023 21.15,2023-03-30 21:29:53.400000000,14.04,44
30-03-2023 21.09,30-03-2023 21.19,2023-03-30 21:25:28.800000000,5.63,44
30-03-2023 21.09,30-03-2023 21.18,2023-03-30 21:23:42.600000000,4.86,44
30-03-2023 21.09,30-03-2023 21.10,2023-03-30 21:16:17.400000000,5.44,44
30-03-2023 22.00,30-03-2023 22.00,2023-03-30 22:01:59.200000000,1.82,12
30-03-2023 22.00,30-03-2023 22.06,2023-03-30 22:05:45.400000001,-0.41,12
30-03-2023 22.00,30-03-2023 22.06,2023-03-30 22:23:00.400000000,16.84,12
30-03-2023 22.00,30-03-2023 22.06,2023-03-30 22:24:42.399999999,18.54,12
30-03-2023 22.00,30-03-2023 22.07,2023-03-30 22:18:54.400000000,11.74,12
30-03-2023 22.00,30-03-2023 22.00,2023-03-30 22:10:19.600000000,10.16,12
30-03-2023 22.00,30-03-2023 22.10,2023-03-30 22:17:46.000000000,7.6,12
30-03-2023 22.00,30-03-2023 22.06,2023-03-30 22:12:17.800000000,6.13,12
30-03-2023 22.00,30-03-2023 22.04,2023-03-30 22:16:50.800000000,12.68,12
30-03-2023 22.00,30-03-2023 22.02,2023-03-30 22:16:59.800000000,14.83,12
30-03-2023 22.00,30-03-2023 22.10,2023-03-30 22:13:56.200000000,3.77,12
30-03-2023 22.00,30-03-2023 22.00,2023-03-30 22:05:35.799999999,5.43,12
30-03-2023 23.54,30-03-2023 23.54,2023-03-31 00:00:42.400000000,5.74,2
30-03-2023 23.54,30-03-2023 23.58,2023-03-31 00:17:23.200000000,18.42,2
